{"cameraMode":{"drawMode":0,"name":"Shaded","section":"Shading Mode"},"sceneLighting":true,"audioPlay":false,"sceneViewState":{"showFog":true,"showMaterialUpdate":false,"showSkybox":true,"showFlares":true,"showImageEffects":true,"showParticleSystems":true},"in2DMode":false,"pivot":{"x":10.007150650024414,"y":1.6930341720581055,"z":-2.893341302871704},"rotation":{"x":0.0732739269733429,"y":0.7744187116622925,"z":-0.09126577526330948,"w":0.6217533946037293},"size":18.22591781616211,"orthographic":false}