{"cameraMode":{"drawMode":0,"name":"Shaded","section":"Shading Mode"},"sceneLighting":true,"audioPlay":false,"sceneViewState":{"showFog":true,"showMaterialUpdate":false,"showSkybox":true,"showFlares":true,"showImageEffects":true,"showParticleSystems":true},"in2DMode":false,"pivot":{"x":-6.361663818359375,"y":2.861063003540039,"z":5.019599437713623},"rotation":{"x":-0.04302548989653587,"y":-0.4301394820213318,"z":-0.020529204979538919,"w":0.9015029072761536},"size":8.268034934997559,"orthographic":false}