{"cameraMode":{"drawMode":0,"name":"Shaded","section":"Shading Mode"},"sceneLighting":true,"audioPlay":false,"sceneViewState":{"showFog":true,"showMaterialUpdate":false,"showSkybox":true,"showFlares":true,"showImageEffects":true,"showParticleSystems":true},"in2DMode":false,"pivot":{"x":2.4556517601013185,"y":5.992122650146484,"z":-8.814921379089356},"rotation":{"x":0.007029145490378141,"y":0.992137610912323,"z":-0.10637485235929489,"w":0.06556004285812378},"size":14.484416961669922,"orthographic":false}